 Damien ABAD,http://www.votewatch.eu/en/damien-abad.html,14.07.2009
 János ÁDER,http://www.votewatch.eu/en/janos-ader.html,14.07.2009
 John Stuart AGNEW,http://www.votewatch.eu/en/john-stuart-agnew.html,14.07.2009
 Gabriele ALBERTINI,http://www.votewatch.eu/en/gabriele-albertini.html,14.07.2009
 Jan Philipp ALBRECHT,http://www.votewatch.eu/en/jan-philipp-albrecht.html,14.07.2009
 Sonia ALFANO,http://www.votewatch.eu/en/sonia-alfano.html,14.07.2009
 François ALFONSI,http://www.votewatch.eu/en/francois-alfonsi.html,14.07.2009
 Magdi Cristiano ALLAM,http://www.votewatch.eu/en/magdi-cristiano-allam.html,14.07.2009
 Magdalena ALVAREZ,http://www.votewatch.eu/en/magdalena-alvarez.html,14.07.2009
 Alexander ALVARO,http://www.votewatch.eu/en/alexander-alvaro.html,14.07.2009
 Luís Paulo ALVES,http://www.votewatch.eu/en/luis-paulo-alves.html,14.07.2009
 Marta ANDREASEN,http://www.votewatch.eu/en/marta-andreasen.html,14.07.2009
 Josefa ANDRÉS BAREA,http://www.votewatch.eu/en/josefa-andres-barea.html,14.07.2009
 Laima Liucija ANDRIKIENĖ,http://www.votewatch.eu/en/laima-liucija-andrikiene.html,14.07.2009
 Roberta ANGELILLI,http://www.votewatch.eu/en/roberta-angelilli.html,14.07.2009
 Antonello ANTINORO,http://www.votewatch.eu/en/antonello-antinoro.html,14.07.2009
 Elena Oana ANTONESCU,http://www.votewatch.eu/en/elena-oana-antonescu.html,14.07.2009
 Alfredo ANTONIOZZI,http://www.votewatch.eu/en/alfredo-antoniozzi.html,14.07.2009
 Pablo ARIAS ECHEVERRÍA,http://www.votewatch.eu/en/pablo-arias-echeverria.html,14.07.2009
 Kader ARIF,http://www.votewatch.eu/en/kader-arif.html,14.07.2009
 Pino ARLACCHI,http://www.votewatch.eu/en/pino-arlacchi.html,14.07.2009
 Kriton ARSENIS,http://www.votewatch.eu/en/kriton-arsenis.html,14.07.2009
 Richard ASHWORTH,http://www.votewatch.eu/en/richard-ashworth.html,14.07.2009
 Sir Robert ATKINS,http://www.votewatch.eu/en/sir-robert-atkins.html,14.07.2009
 John ATTARD-MONTALTO,http://www.votewatch.eu/en/john-attard-montalto.html,14.07.2009
 Jean-Pierre AUDY,http://www.votewatch.eu/en/jean-pierre-audy.html,14.07.2009
 Margrete AUKEN,http://www.votewatch.eu/en/margrete-auken.html,14.07.2009
 Inés AYALA SENDER,http://www.votewatch.eu/en/ines-ayala-sender.html,14.07.2009
 Liam AYLWARD,http://www.votewatch.eu/en/liam-aylward.html,14.07.2009
 Pilar AYUSO,http://www.votewatch.eu/en/pilar-ayuso.html,14.07.2009
 Johannes Cornelis van BAALEN,http://www.votewatch.eu/en/johannes-cornelis-van-baalen.html,14.07.2009
 Georges BACH,http://www.votewatch.eu/en/georges-bach.html,14.07.2009
 Maria BADIA i CUTCHET,http://www.votewatch.eu/en/maria-badia-i-cutchet.html,14.07.2009
 Zigmantas BALČYTIS,http://www.votewatch.eu/en/zigmantas-balcytis.html,14.07.2009
 Zoltán BALCZÓ,http://www.votewatch.eu/en/zoltan-balczo.html,14.07.2009
 Raffaele BALDASSARRE,http://www.votewatch.eu/en/raffaele-baldassarre.html,14.07.2009
 Burkhard BALZ,http://www.votewatch.eu/en/burkhard-balz.html,14.07.2009
 Francesca BALZANI,http://www.votewatch.eu/en/francesca-balzani.html,14.07.2009
 Michel BARNIER,http://www.votewatch.eu/en/michel-barnier.html,14.07.2009
 Paolo BARTOLOZZI,http://www.votewatch.eu/en/paolo-bartolozzi.html,14.07.2009
 Elena BĂSESCU,http://www.votewatch.eu/en/elena-basescu.html,14.07.2009
 Regina BASTOS,http://www.votewatch.eu/en/regina-bastos.html,14.07.2009
 Gerard BATTEN,http://www.votewatch.eu/en/gerard-batten.html,14.07.2009
 Dominique BAUDIS,http://www.votewatch.eu/en/dominique-baudis.html,14.07.2009
 Edit BAUER,http://www.votewatch.eu/en/edit-bauer.html,14.07.2009
 Catherine BEARDER,http://www.votewatch.eu/en/catherine-bearder.html,14.07.2009
 George BECALI,http://www.votewatch.eu/en/george-becali.html,14.07.2009
 Christophe BÉCHU,http://www.votewatch.eu/en/christophe-bechu.html,14.07.2009
 Bastiaan BELDER,http://www.votewatch.eu/en/bastiaan-belder.html,14.07.2009
 Ivo BELET,http://www.votewatch.eu/en/ivo-belet.html,14.07.2009
 Sandrine BÉLIER,http://www.votewatch.eu/en/sandrine-belier.html,14.07.2009
 Malika BENARAB-ATTOU,http://www.votewatch.eu/en/malika-benarab-attou.html,14.07.2009
 Bendt BENDTSEN,http://www.votewatch.eu/en/bendt-bendtsen.html,14.07.2009
 Jean-Luc BENNAHMIAS,http://www.votewatch.eu/en/jean-luc-bennahmias.html,14.07.2009
 Pervenche BERÈS,http://www.votewatch.eu/en/pervenche-beres.html,14.07.2009
 Sergio BERLATO,http://www.votewatch.eu/en/sergio-berlato.html,14.07.2009
 Luigi BERLINGUER,http://www.votewatch.eu/en/luigi-berlinguer.html,14.07.2009
 Thijs BERMAN,http://www.votewatch.eu/en/thijs-berman.html,14.07.2009
 Jean-Paul BESSET,http://www.votewatch.eu/en/jean-paul-besset.html,14.07.2009
 Adam BIELAN,http://www.votewatch.eu/en/adam-bielan.html,14.07.2009
 Izaskun BILBAO BARANDICA,http://www.votewatch.eu/en/izaskun-bilbao-barandica.html,14.07.2009
 Slavi BINEV,http://www.votewatch.eu/en/slavi-binev.html,14.07.2009
 Lothar BISKY,http://www.votewatch.eu/en/lothar-bisky.html,14.07.2009
 Mara BIZZOTTO,http://www.votewatch.eu/en/mara-bizzotto.html,14.07.2009
 Vilija BLINKEVIČIŪTĖ,http://www.votewatch.eu/en/vilija-blinkeviciute.html,14.07.2009
 Godfrey BLOOM,http://www.votewatch.eu/en/godfrey-bloom.html,14.07.2009
 Sebastian Valentin BODU,http://www.votewatch.eu/en/sebastian-valentin-bodu.html,14.07.2009
 Reimer BÖGE,http://www.votewatch.eu/en/reimer-boge.html,14.07.2009
 Lajos BOKROS,http://www.votewatch.eu/en/lajos-bokros.html,14.07.2009
 Vito BONSIGNORE,http://www.votewatch.eu/en/vito-bonsignore.html,14.07.2009
 Louis BONTES,http://www.votewatch.eu/en/louis-bontes.html,14.07.2009
 Mario BORGHEZIO,http://www.votewatch.eu/en/mario-borghezio.html,14.07.2009
 Rita BORSELLINO,http://www.votewatch.eu/en/rita-borsellino.html,14.07.2009
 Piotr BORYS,http://www.votewatch.eu/en/piotr-borys.html,14.07.2009
 Victor BOŞTINARU,http://www.votewatch.eu/en/victor-bostinaru.html,14.07.2009
 José BOVÉ,http://www.votewatch.eu/en/jose-bove.html,14.07.2009
 Sharon BOWLES,http://www.votewatch.eu/en/sharon-bowles.html,14.07.2009
 Emine BOZKURT,http://www.votewatch.eu/en/emine-bozkurt.html,14.07.2009
 Philip BRADBOURN,http://www.votewatch.eu/en/philip-bradbourn.html,14.07.2009
 Franziska Katharina BRANTNER,http://www.votewatch.eu/en/franziska-katharina-brantner.html,14.07.2009
 Frieda BREPOELS,http://www.votewatch.eu/en/frieda-brepoels.html,14.07.2009
 Jan BŘEZINA,http://www.votewatch.eu/en/jan-brezina.html,14.07.2009
 Sophie AUCONIE,http://www.votewatch.eu/en/sophie-auconie.html,14.07.2009
 Elmar BROK,http://www.votewatch.eu/en/elmar-brok.html,14.07.2009
 Andrew Henry William BRONS,http://www.votewatch.eu/en/andrew-henry-william-brons.html,14.07.2009
 Zuzana BRZOBOHATÁ,http://www.votewatch.eu/en/zuzana-brzobohata.html,14.07.2009
 John BUFTON,http://www.votewatch.eu/en/john-bufton.html,14.07.2009
 Udo BULLMANN,http://www.votewatch.eu/en/udo-bullmann.html,14.07.2009
 Cristian Silviu BUŞOI,http://www.votewatch.eu/en/cristian-silviu-busoi.html,14.07.2009
 Simon BUSUTTIL,http://www.votewatch.eu/en/simon-busuttil.html,14.07.2009
 Reinhard BÜTIKOFER,http://www.votewatch.eu/en/reinhard-butikofer.html,14.07.2009
 Jerzy BUZEK,http://www.votewatch.eu/en/jerzy-buzek.html,14.07.2009
 Milan CABRNOCH,http://www.votewatch.eu/en/milan-cabrnoch.html,14.07.2009
 Alain CADEC,http://www.votewatch.eu/en/alain-cadec.html,14.07.2009
 Martin CALLANAN,http://www.votewatch.eu/en/martin-callanan.html,14.07.2009
 Wim van de CAMP,http://www.votewatch.eu/en/wim-van-de-camp.html,14.07.2009
 David CAMPBELL BANNERMAN,http://www.votewatch.eu/en/david-campbell-bannerman.html,14.07.2009
 Antonio CANCIAN,http://www.votewatch.eu/en/antonio-cancian.html,14.07.2009
 Pascal CANFIN,http://www.votewatch.eu/en/pascal-canfin.html,14.07.2009
 Luis Manuel CAPOULAS SANTOS,http://www.votewatch.eu/en/luis-manuel-capoulas-santos.html,14.07.2009
 Salvatore CARONNA,http://www.votewatch.eu/en/salvatore-caronna.html,14.07.2009
 Maria Da Graça CARVALHO,http://www.votewatch.eu/en/maria-da-graca-carvalho.html,14.07.2009
 David CASA,http://www.votewatch.eu/en/david-casa.html,14.07.2009
 Michael CASHMAN,http://www.votewatch.eu/en/michael-cashman.html,14.07.2009
 Carlo CASINI,http://www.votewatch.eu/en/carlo-casini.html,14.07.2009
 Daniel CASPARY,http://www.votewatch.eu/en/daniel-caspary.html,14.07.2009
 Françoise CASTEX,http://www.votewatch.eu/en/francoise-castex.html,14.07.2009
 Pilar del CASTILLO VERA,http://www.votewatch.eu/en/pilar-del-castillo-vera.html,14.07.2009
 Jean-Marie CAVADA,http://www.votewatch.eu/en/jean-marie-cavada.html,14.07.2009
 Alejandro CERCAS,http://www.votewatch.eu/en/alejandro-cercas.html,14.07.2009
 Andrea ČEŠKOVÁ,http://www.votewatch.eu/en/andrea-ceskova.html,14.07.2009
 Jorgo CHATZIMARKAKIS,http://www.votewatch.eu/en/jorgo-chatzimarkakis.html,14.07.2009
 Giles CHICHESTER,http://www.votewatch.eu/en/giles-chichester.html,14.07.2009
 Nessa CHILDERS,http://www.votewatch.eu/en/nessa-childers.html,14.07.2009
 Nikolaos CHOUNTIS,http://www.votewatch.eu/en/nikolaos-chountis.html,14.07.2009
 Ole CHRISTENSEN,http://www.votewatch.eu/en/ole-christensen.html,14.07.2009
 Philip CLAEYS,http://www.votewatch.eu/en/philip-claeys.html,14.07.2009
 Derek Roland CLARK,http://www.votewatch.eu/en/derek-roland-clark.html,14.07.2009
 Carlos COELHO,http://www.votewatch.eu/en/carlos-coelho.html,14.07.2009
 Sergio Gaetano COFFERATI,http://www.votewatch.eu/en/sergio-gaetano-cofferati.html,14.07.2009
 Daniel COHN-BENDIT,http://www.votewatch.eu/en/daniel-cohn-bendit.html,14.07.2009
 Giovanni COLLINO,http://www.votewatch.eu/en/giovanni-collino.html,14.07.2009
 Trevor COLMAN,http://www.votewatch.eu/en/trevor-colman.html,14.07.2009
 Lara COMI,http://www.votewatch.eu/en/lara-comi.html,14.07.2009
 Anna Maria CORAZZA BILDT,http://www.votewatch.eu/en/anna-maria-corazza-bildt.html,14.07.2009
 Marije CORNELISSEN,http://www.votewatch.eu/en/marije-cornelissen.html,14.07.2009
 António Fernando CORREIA DE CAMPOS,http://www.votewatch.eu/en/antonio-fernando-correia-de-campos.html,14.07.2009
 Ricardo CORTÉS LASTRA,http://www.votewatch.eu/en/ricardo-cortes-lastra.html,14.07.2009
 Silvia COSTA,http://www.votewatch.eu/en/silvia-costa.html,14.07.2009
 Andrea COZZOLINO,http://www.votewatch.eu/en/andrea-cozzolino.html,14.07.2009
 Michael CRAMER,http://www.votewatch.eu/en/michael-cramer.html,14.07.2009
 Corina CREŢU,http://www.votewatch.eu/en/corina-cretu.html,14.07.2009
 Jürgen CREUTZMANN,http://www.votewatch.eu/en/jurgen-creutzmann.html,14.07.2009
 Rosario CROCETTA,http://www.votewatch.eu/en/rosario-crocetta.html,14.07.2009
 Brian CROWLEY,http://www.votewatch.eu/en/brian-crowley.html,14.07.2009
 George Sabin CUTAŞ,http://www.votewatch.eu/en/george-sabin-cutas.html,14.07.2009
 Tadeusz CYMAŃSKI,http://www.votewatch.eu/en/tadeusz-cymanski.html,14.07.2009
 Ryszard CZARNECKI,http://www.votewatch.eu/en/ryszard-czarnecki.html,14.07.2009
 Frédéric DAERDEN,http://www.votewatch.eu/en/frederic-daerden.html,14.07.2009
 Peter van DALEN,http://www.votewatch.eu/en/peter-van-dalen.html,14.07.2009
 Vasilica Viorica DĂNCILĂ,http://www.votewatch.eu/en/vasilica-viorica-dancila.html,14.07.2009
 Arnaud DANJEAN,http://www.votewatch.eu/en/arnaud-danjean.html,14.07.2009
 Michel DANTIN,http://www.votewatch.eu/en/michel-dantin.html,14.07.2009
 William (The Earl of) DARTMOUTH,http://www.votewatch.eu/en/william-the-earl-of-dartmouth.html,14.07.2009
 Rachida DATI,http://www.votewatch.eu/en/rachida-dati.html,14.07.2009
 Joseph DAUL,http://www.votewatch.eu/en/joseph-daul.html,14.07.2009
 Mário DAVID,http://www.votewatch.eu/en/mario-david.html,14.07.2009
 Chris DAVIES,http://www.votewatch.eu/en/chris-davies.html,14.07.2009
 Francesco DE ANGELIS,http://www.votewatch.eu/en/francesco-de-angelis.html,14.07.2009
 Bairbre de BRÚN,http://www.votewatch.eu/en/bairbre-de-brun.html,14.07.2009
 Paolo DE CASTRO,http://www.votewatch.eu/en/paolo-de-castro.html,14.07.2009
 Jean-Luc DEHAENE,http://www.votewatch.eu/en/jean-luc-dehaene.html,14.07.2009
 Véronique DE KEYSER,http://www.votewatch.eu/en/veronique-de-keyser.html,14.07.2009
 Karima DELLI,http://www.votewatch.eu/en/karima-delli.html,14.07.2009
 Anne DELVAUX,http://www.votewatch.eu/en/anne-delvaux.html,14.07.2009
 Luigi de MAGISTRIS,http://www.votewatch.eu/en/luigi-de-magistris.html,14.07.2009
 Luigi Ciriaco DE MITA,http://www.votewatch.eu/en/luigi-ciriaco-de-mita.html,14.07.2009
 Proinsias DE ROSSA,http://www.votewatch.eu/en/proinsias-de-rossa.html,14.07.2009
 Marielle de SARNEZ,http://www.votewatch.eu/en/marielle-de-sarnez.html,14.07.2009
 Harlem DÉSIR,http://www.votewatch.eu/en/harlem-desir.html,14.07.2009
 Albert DESS,http://www.votewatch.eu/en/albert-dess.html,14.07.2009
 Tamás DEUTSCH,http://www.votewatch.eu/en/tamas-deutsch.html,14.07.2009
 Nirj DEVA,http://www.votewatch.eu/en/nirj-deva.html,14.07.2009
 Christine DE VEYRAC,http://www.votewatch.eu/en/christine-de-veyrac.html,14.07.2009
 Agustín DÍAZ DE MERA GARCÍA CONSUEGRA,http://www.votewatch.eu/en/agustin-diaz-de-mera-garcia-consuegra.html,14.07.2009
 Diane DODDS,http://www.votewatch.eu/en/diane-dodds.html,14.07.2009
 Leonardo DOMENICI,http://www.votewatch.eu/en/leonardo-domenici.html,14.07.2009
 Leonidas DONSKIS,http://www.votewatch.eu/en/leonidas-donskis.html,14.07.2009
 Herbert DORFMANN,http://www.votewatch.eu/en/herbert-dorfmann.html,14.07.2009
 Andrew DUFF,http://www.votewatch.eu/en/andrew-duff.html,14.07.2009
 Isabelle DURANT,http://www.votewatch.eu/en/isabelle-durant.html,14.07.2009
 Robert DUŠEK,http://www.votewatch.eu/en/robert-dusek.html,14.07.2009
 Christian EHLER,http://www.votewatch.eu/en/christian-ehler.html,14.07.2009
 Martin EHRENHAUSER,http://www.votewatch.eu/en/martin-ehrenhauser.html,14.07.2009
 Bas EICKHOUT,http://www.votewatch.eu/en/bas-eickhout.html,14.07.2009
 Lena EK,http://www.votewatch.eu/en/lena-ek.html,14.07.2009
 Saïd EL KHADRAOUI,http://www.votewatch.eu/en/said-el-khadraoui.html,14.07.2009
 James ELLES,http://www.votewatch.eu/en/james-elles.html,14.07.2009
 Ioan ENCIU,http://www.votewatch.eu/en/ioan-enciu.html,14.07.2009
 Frank ENGEL,http://www.votewatch.eu/en/frank-engel.html,14.07.2009
 Christian ENGSTRÖM,http://www.votewatch.eu/en/christian-engstrom.html,14.07.2009
 Derk Jan EPPINK,http://www.votewatch.eu/en/derk-jan-eppink.html,14.07.2009
 Cornelia ERNST,http://www.votewatch.eu/en/cornelia-ernst.html,14.07.2009
 Ismail ERTUG,http://www.votewatch.eu/en/ismail-ertug.html,14.07.2009
 Sari ESSAYAH,http://www.votewatch.eu/en/sari-essayah.html,14.07.2009
 Rosa ESTARÀS FERRAGUT,http://www.votewatch.eu/en/rosa-estaras-ferragut.html,14.07.2009
 Edite ESTRELA,http://www.votewatch.eu/en/edite-estrela.html,14.07.2009
 Jill EVANS,http://www.votewatch.eu/en/jill-evans.html,14.07.2009
 Hynek FAJMON,http://www.votewatch.eu/en/hynek-fajmon.html,14.07.2009
 Tanja FAJON,http://www.votewatch.eu/en/tanja-fajon.html,14.07.2009
 Richard FALBR,http://www.votewatch.eu/en/richard-falbr.html,14.07.2009
 Nigel FARAGE,http://www.votewatch.eu/en/nigel-farage.html,14.07.2009
 Göran FÄRM,http://www.votewatch.eu/en/goran-farm.html,14.07.2009
 Diogo FEIO,http://www.votewatch.eu/en/diogo-feio.html,14.07.2009
 Markus FERBER,http://www.votewatch.eu/en/markus-ferber.html,14.07.2009
 José Manuel FERNANDES,http://www.votewatch.eu/en/jose-manuel-fernandes.html,14.07.2009
 Elisa FERREIRA,http://www.votewatch.eu/en/elisa-ferreira.html,14.07.2009
 João FERREIRA,http://www.votewatch.eu/en/joao-ferreira.html,14.07.2009
 Carlo FIDANZA,http://www.votewatch.eu/en/carlo-fidanza.html,14.07.2009
 Ilda FIGUEIREDO,http://www.votewatch.eu/en/ilda-figueiredo.html,14.07.2009
 Santiago FISAS AYXELA,http://www.votewatch.eu/en/santiago-fisas-ayxela.html,14.07.2009
 Christofer FJELLNER,http://www.votewatch.eu/en/christofer-fjellner.html,14.07.2009
 Monika FLAŠÍKOVÁ BEŇOVÁ,http://www.votewatch.eu/en/monika-flasikova-benova.html,14.07.2009
 Hélène FLAUTRE,http://www.votewatch.eu/en/helene-flautre.html,14.07.2009
 Knut FLECKENSTEIN,http://www.votewatch.eu/en/knut-fleckenstein.html,14.07.2009
 Karl-Heinz FLORENZ,http://www.votewatch.eu/en/karl-heinz-florenz.html,14.07.2009
 Lorenzo FONTANA,http://www.votewatch.eu/en/lorenzo-fontana.html,14.07.2009
 Vicky FORD,http://www.votewatch.eu/en/vicky-ford.html,14.07.2009
 Jacqueline FOSTER,http://www.votewatch.eu/en/jacqueline-foster.html,14.07.2009
 Ashley FOX,http://www.votewatch.eu/en/ashley-fox.html,14.07.2009
 Carmen FRAGA ESTÉVEZ,http://www.votewatch.eu/en/carmen-fraga-estevez.html,14.07.2009
 Gaston FRANCO,http://www.votewatch.eu/en/gaston-franco.html,14.07.2009
 Michael GAHLER,http://www.votewatch.eu/en/michael-gahler.html,14.07.2009
 Kinga GÁL,http://www.votewatch.eu/en/kinga-gal.html,14.07.2009
 Pat the Cope GALLAGHER,http://www.votewatch.eu/en/pat-the-cope-gallagher.html,14.07.2009
 Marielle GALLO,http://www.votewatch.eu/en/marielle-gallo.html,14.07.2009
 José Manuel GARCÍA-MARGALLO Y MARFIL,http://www.votewatch.eu/en/jose-manuel-garcia-margallo-y-marfil.html,14.07.2009
 Iratxe GARCÍA PÉREZ,http://www.votewatch.eu/en/iratxe-garcia-perez.html,14.07.2009
 Eider GARDIAZÁBAL RUBIAL,http://www.votewatch.eu/en/eider-gardiazabal-rubial.html,14.07.2009
 Elisabetta GARDINI,http://www.votewatch.eu/en/elisabetta-gardini.html,14.07.2009
 Salvador GARRIGA POLLEDO,http://www.votewatch.eu/en/salvador-garriga-polledo.html,14.07.2009
 Jean-Paul GAUZÈS,http://www.votewatch.eu/en/jean-paul-gauzes.html,14.07.2009
 Evelyne GEBHARDT,http://www.votewatch.eu/en/evelyne-gebhardt.html,14.07.2009
 Jens GEIER,http://www.votewatch.eu/en/jens-geier.html,14.07.2009
 Gerben-Jan GERBRANDY,http://www.votewatch.eu/en/gerben-jan-gerbrandy.html,14.07.2009
 Lidia Joanna GERINGER de OEDENBERG,http://www.votewatch.eu/en/lidia-joanna-geringer-de-oedenberg.html,14.07.2009
 Marietta GIANNAKOU,http://www.votewatch.eu/en/marietta-giannakou.html,14.07.2009
 Sven GIEGOLD,http://www.votewatch.eu/en/sven-giegold.html,14.07.2009
 Adam GIEREK,http://www.votewatch.eu/en/adam-gierek.html,14.07.2009
 Julie GIRLING,http://www.votewatch.eu/en/julie-girling.html,14.07.2009
 Norbert GLANTE,http://www.votewatch.eu/en/norbert-glante.html,14.07.2009
 Béla GLATTFELDER,http://www.votewatch.eu/en/bela-glattfelder.html,14.07.2009
 Ivars GODMANIS,http://www.votewatch.eu/en/ivars-godmanis.html,14.07.2009
 Robert GOEBBELS,http://www.votewatch.eu/en/robert-goebbels.html,14.07.2009
 Charles GOERENS,http://www.votewatch.eu/en/charles-goerens.html,14.07.2009
 Bruno GOLLNISCH,http://www.votewatch.eu/en/bruno-gollnisch.html,14.07.2009
 Ana GOMES,http://www.votewatch.eu/en/ana-gomes.html,14.07.2009
 Kinga GÖNCZ,http://www.votewatch.eu/en/kinga-goncz.html,14.07.2009
 Sylvie GOULARD,http://www.votewatch.eu/en/sylvie-goulard.html,14.07.2009
 Luis de GRANDES PASCUAL,http://www.votewatch.eu/en/luis-de-grandes-pascual.html,14.07.2009
 Ingeborg GRÄSSLE,http://www.votewatch.eu/en/ingeborg-grassle.html,14.07.2009
 Louis GRECH,http://www.votewatch.eu/en/louis-grech.html,14.07.2009
 Estelle GRELIER,http://www.votewatch.eu/en/estelle-grelier.html,14.07.2009
 Catherine GRÈZE,http://www.votewatch.eu/en/catherine-greze.html,14.07.2009
 Nathalie GRIESBECK,http://www.votewatch.eu/en/nathalie-griesbeck.html,14.07.2009
 Nick GRIFFIN,http://www.votewatch.eu/en/nick-griffin.html,14.07.2009
 Marek Józef GRÓBARCZYK,http://www.votewatch.eu/en/marek-jozef-grobarczyk.html,14.07.2009
 Matthias GROOTE,http://www.votewatch.eu/en/matthias-groote.html,14.07.2009
 Mathieu GROSCH,http://www.votewatch.eu/en/mathieu-grosch.html,14.07.2009
 Françoise GROSSETÊTE,http://www.votewatch.eu/en/francoise-grossetete.html,14.07.2009
 Pascale GRUNY,http://www.votewatch.eu/en/pascale-gruny.html,14.07.2009
 Andrzej GRZYB,http://www.votewatch.eu/en/andrzej-grzyb.html,14.07.2009
 Roberto GUALTIERI,http://www.votewatch.eu/en/roberto-gualtieri.html,14.07.2009
 Enrique GUERRERO SALOM,http://www.votewatch.eu/en/enrique-guerrero-salom.html,14.07.2009
 Sylvie GUILLAUME,http://www.votewatch.eu/en/sylvie-guillaume.html,14.07.2009
 Zita GURMAI,http://www.votewatch.eu/en/zita-gurmai.html,14.07.2009
 Cristina GUTIÉRREZ-CORTINES,http://www.votewatch.eu/en/cristina-gutierrez-cortines.html,14.07.2009
 Enikő GYŐRI,http://www.votewatch.eu/en/eniko-gyori.html,14.07.2009
 András GYÜRK,http://www.votewatch.eu/en/andras-gyurk.html,14.07.2009
 Gerald HÄFNER,http://www.votewatch.eu/en/gerald-hafner.html,14.07.2009
 Carl HAGLUND,http://www.votewatch.eu/en/carl-haglund.html,14.07.2009
 Fiona HALL,http://www.votewatch.eu/en/fiona-hall.html,14.07.2009
 Thomas HÄNDEL,http://www.votewatch.eu/en/thomas-handel.html,14.07.2009
 Małgorzata HANDZLIK,http://www.votewatch.eu/en/malgorzata-handzlik.html,14.07.2009
 Ágnes HANKISS,http://www.votewatch.eu/en/agnes-hankiss.html,14.07.2009
 Daniel HANNAN,http://www.votewatch.eu/en/daniel-hannan.html,14.07.2009
 Malcolm HARBOUR,http://www.votewatch.eu/en/malcolm-harbour.html,14.07.2009
 Marian HARKIN,http://www.votewatch.eu/en/marian-harkin.html,14.07.2009
 Rebecca HARMS,http://www.votewatch.eu/en/rebecca-harms.html,14.07.2009
 Satu HASSI,http://www.votewatch.eu/en/satu-hassi.html,14.07.2009
 Takis HADJIGEORGIOU,http://www.votewatch.eu/en/takis-hadjigeorgiou.html,14.07.2009
 Jutta HAUG,http://www.votewatch.eu/en/jutta-haug.html,14.07.2009
 Martin HÄUSLING,http://www.votewatch.eu/en/martin-hausling.html,14.07.2009
 Heidi HAUTALA,http://www.votewatch.eu/en/heidi-hautala.html,14.07.2009
 Jiří HAVEL,http://www.votewatch.eu/en/jiri-havel.html,14.07.2009
 Anna HEDH,http://www.votewatch.eu/en/anna-hedh.html,14.07.2009
 Roger HELMER,http://www.votewatch.eu/en/roger-helmer.html,14.07.2009
 Jacky HÉNIN,http://www.votewatch.eu/en/jacky-henin.html,14.07.2009
 Jeanine HENNIS-PLASSCHAERT,http://www.votewatch.eu/en/jeanine-hennis-plasschaert.html,14.07.2009
 Edit HERCZOG,http://www.votewatch.eu/en/edit-herczog.html,14.07.2009
 Esther HERRANZ GARCÍA,http://www.votewatch.eu/en/esther-herranz-garcia.html,14.07.2009
 Jolanta Emilia HIBNER,http://www.votewatch.eu/en/jolanta-emilia-hibner.html,14.07.2009
 Jim HIGGINS,http://www.votewatch.eu/en/jim-higgins.html,14.07.2009
 Joe HIGGINS,http://www.votewatch.eu/en/joe-higgins.html,14.07.2009
 Nadja HIRSCH,http://www.votewatch.eu/en/nadja-hirsch.html,14.07.2009
 Liem HOANG NGOC,http://www.votewatch.eu/en/liem-hoang-ngoc.html,14.07.2009
 Elie HOARAU,http://www.votewatch.eu/en/elie-hoarau.html,14.07.2009
 Monika HOHLMEIER,http://www.votewatch.eu/en/monika-hohlmeier.html,14.07.2009
 Gunnar HÖKMARK,http://www.votewatch.eu/en/gunnar-hokmark.html,14.07.2009
 Mary HONEYBALL,http://www.votewatch.eu/en/mary-honeyball.html,14.07.2009
 Richard HOWITT,http://www.votewatch.eu/en/richard-howitt.html,14.07.2009
 Danuta Maria HÜBNER,http://www.votewatch.eu/en/danuta-maria-hubner.html,14.07.2009
 Ian HUDGHTON,http://www.votewatch.eu/en/ian-hudghton.html,14.07.2009
 Stephen HUGHES,http://www.votewatch.eu/en/stephen-hughes.html,14.07.2009
 Filiz Hakaeva HYUSMENOVA,http://www.votewatch.eu/en/filiz-hakaeva-hyusmenova.html,14.07.2009
 Salvatore IACOLINO,http://www.votewatch.eu/en/salvatore-iacolino.html,14.07.2009
 Anna IBRISAGIC,http://www.votewatch.eu/en/anna-ibrisagic.html,14.07.2009
 Stanimir ILCHEV,http://www.votewatch.eu/en/stanimir-ilchev.html,14.07.2009
 Juozas IMBRASAS,http://www.votewatch.eu/en/juozas-imbrasas.html,14.07.2009
 Sophia in 't VELD,http://www.votewatch.eu/en/sophia-in-t-veld.html,14.07.2009
 Iliana Malinova IOTOVA,http://www.votewatch.eu/en/iliana-malinova-iotova.html,14.07.2009
 Vincenzo IOVINE,http://www.votewatch.eu/en/vincenzo-iovine.html,14.07.2009
 Ville ITÄLÄ,http://www.votewatch.eu/en/ville-itala.html,14.07.2009
 Carlos José ITURGAIZ ANGULO,http://www.votewatch.eu/en/carlos-jose-iturgaiz-angulo.html,14.07.2009
 Cătălin Sorin IVAN,http://www.votewatch.eu/en/catalin-sorin-ivan.html,14.07.2009
 Iliana IVANOVA,http://www.votewatch.eu/en/iliana-ivanova.html,14.07.2009
 Liisa JAAKONSAARI,http://www.votewatch.eu/en/liisa-jaakonsaari.html,14.07.2009
 Anneli JÄÄTTEENMÄKI,http://www.votewatch.eu/en/anneli-jaatteenmaki.html,14.07.2009
 Yannick JADOT,http://www.votewatch.eu/en/yannick-jadot.html,14.07.2009
 Peter JAHR,http://www.votewatch.eu/en/peter-jahr.html,14.07.2009
 Lívia JÁRÓKA,http://www.votewatch.eu/en/livia-jaroka.html,14.07.2009
 Ramón JÁUREGUI ATONDO,http://www.votewatch.eu/en/ramon-jauregui-atondo.html,14.07.2009
 Danuta JAZŁOWIECKA,http://www.votewatch.eu/en/danuta-jazlowiecka.html,14.07.2009
 Sidonia Elżbieta JĘDRZEJEWSKA,http://www.votewatch.eu/en/sidonia-elzbieta-jedrzejewska.html,14.07.2009
 Elisabeth JEGGLE,http://www.votewatch.eu/en/elisabeth-jeggle.html,14.07.2009
 Anne E. JENSEN,http://www.votewatch.eu/en/anne-e-jensen.html,14.07.2009
 Teresa JIMÉNEZ-BECERRIL BARRIO,http://www.votewatch.eu/en/teresa-jimenez-becerril-barrio.html,14.07.2009
 Eva JOLY,http://www.votewatch.eu/en/eva-joly.html,14.07.2009
 Cornelis de JONG,http://www.votewatch.eu/en/cornelis-de-jong.html,14.07.2009
 Romana JORDAN,http://www.votewatch.eu/en/romana-jordan.html,14.07.2009
 Dan JØRGENSEN,http://www.votewatch.eu/en/dan-j-rgensen.html,14.07.2009
 Oriol JUNQUERAS VIES,http://www.votewatch.eu/en/oriol-junqueras-vies.html,14.07.2009
 Philippe JUVIN,http://www.votewatch.eu/en/philippe-juvin.html,14.07.2009
 Jelko KACIN,http://www.votewatch.eu/en/jelko-kacin.html,14.07.2009
 Filip KACZMAREK,http://www.votewatch.eu/en/filip-kaczmarek.html,14.07.2009
 Karin KADENBACH,http://www.votewatch.eu/en/karin-kadenbach.html,14.07.2009
 Ivailo KALFIN,http://www.votewatch.eu/en/ivailo-kalfin.html,14.07.2009
 Jarosław KALINOWSKI,http://www.votewatch.eu/en/jaroslaw-kalinowski.html,14.07.2009
 Sandra KALNIETE,http://www.votewatch.eu/en/sandra-kalniete.html,14.07.2009
 Syed KAMALL,http://www.votewatch.eu/en/syed-kamall.html,14.07.2009
 Michał Tomasz KAMIŃSKI,http://www.votewatch.eu/en/michal-tomasz-kaminski.html,14.07.2009
 Petra KAMMEREVERT,http://www.votewatch.eu/en/petra-kammerevert.html,14.07.2009
 Othmar KARAS,http://www.votewatch.eu/en/othmar-karas.html,14.07.2009
 Sajjad KARIM,http://www.votewatch.eu/en/sajjad-karim.html,14.07.2009
 Krišjānis KARIŅŠ,http://www.votewatch.eu/en/krisjanis-karins.html,14.07.2009
 Ioannis KASOULIDES,http://www.votewatch.eu/en/ioannis-kasoulides.html,14.07.2009
 Martin KASTLER,http://www.votewatch.eu/en/martin-kastler.html,14.07.2009
 Metin KAZAK,http://www.votewatch.eu/en/metin-kazak.html,14.07.2009
 Tunne KELAM,http://www.votewatch.eu/en/tunne-kelam.html,14.07.2009
 Franziska KELLER,http://www.votewatch.eu/en/franziska-keller.html,14.07.2009
 Alan KELLY,http://www.votewatch.eu/en/alan-kelly.html,14.07.2009
 Seán KELLY,http://www.votewatch.eu/en/sean-kelly.html,14.07.2009
 Nicole KIIL-NIELSEN,http://www.votewatch.eu/en/nicole-kiil-nielsen.html,14.07.2009
 Evgeni KIRILOV,http://www.votewatch.eu/en/evgeni-kirilov.html,14.07.2009
 Timothy KIRKHOPE,http://www.votewatch.eu/en/timothy-kirkhope.html,14.07.2009
 Christa KLASS,http://www.votewatch.eu/en/christa-klass.html,14.07.2009
 Wolf KLINZ,http://www.votewatch.eu/en/wolf-klinz.html,14.07.2009
 Jürgen KLUTE,http://www.votewatch.eu/en/jurgen-klute.html,14.07.2009
 Dieter-Lebrecht KOCH,http://www.votewatch.eu/en/dieter-lebrecht-koch.html,14.07.2009
 Silvana KOCH-MEHRIN,http://www.votewatch.eu/en/silvana-koch-mehrin.html,14.07.2009
 Jaromír KOHLÍČEK,http://www.votewatch.eu/en/jaromir-kohlicek.html,14.07.2009
 Lena KOLARSKA-BOBIŃSKA,http://www.votewatch.eu/en/lena-kolarska-bobinska.html,14.07.2009
 Maria Eleni KOPPA,http://www.votewatch.eu/en/maria-eleni-koppa.html,14.07.2009
 Eija-Riitta KORHOLA,http://www.votewatch.eu/en/eija-riitta-korhola.html,14.07.2009
 Ádám KÓSA,http://www.votewatch.eu/en/adam-kosa.html,14.07.2009
 Elisabeth KÖSTINGER,http://www.votewatch.eu/en/elisabeth-kostinger.html,14.07.2009
 Georgios KOUMOUTSAKOS,http://www.votewatch.eu/en/georgios-koumoutsakos.html,14.07.2009
 Paweł Robert KOWAL,http://www.votewatch.eu/en/pawel-robert-kowal.html,14.07.2009
 Sergej KOZLÍK,http://www.votewatch.eu/en/sergej-kozlik.html,14.07.2009
 Edvard KOŽUŠNÍK,http://www.votewatch.eu/en/edvard-kozusnik.html,14.07.2009
 Holger KRAHMER,http://www.votewatch.eu/en/holger-krahmer.html,14.07.2009
 Rodi KRATSA-TSAGAROPOULOU,http://www.votewatch.eu/en/rodi-kratsa-tsagaropoulou.html,14.07.2009
 Constanze Angela KREHL,http://www.votewatch.eu/en/constanze-angela-krehl.html,14.07.2009
 Wolfgang KREISSL-DÖRFLER,http://www.votewatch.eu/en/wolfgang-kreissl-dorfler.html,14.07.2009
 Werner KUHN,http://www.votewatch.eu/en/werner-kuhn.html,14.07.2009
 Eduard KUKAN,http://www.votewatch.eu/en/eduard-kukan.html,14.07.2009
 Jacek Olgierd KURSKI,http://www.votewatch.eu/en/jacek-olgierd-kurski.html,14.07.2009
 Alain LAMASSOURE,http://www.votewatch.eu/en/alain-lamassoure.html,14.07.2009
 Jean LAMBERT,http://www.votewatch.eu/en/jean-lambert.html,14.07.2009
 Philippe LAMBERTS,http://www.votewatch.eu/en/philippe-lamberts.html,14.07.2009
 Stavros LAMBRINIDIS,http://www.votewatch.eu/en/stavros-lambrinidis.html,14.07.2009
 Alexander Graf LAMBSDORFF,http://www.votewatch.eu/en/alexander-graf-lambsdorff.html,14.07.2009
 Vytautas LANDSBERGIS,http://www.votewatch.eu/en/vytautas-landsbergis.html,14.07.2009
 Bernd LANGE,http://www.votewatch.eu/en/bernd-lange.html,14.07.2009
 Esther de LANGE,http://www.votewatch.eu/en/esther-de-lange.html,14.07.2009
 Werner LANGEN,http://www.votewatch.eu/en/werner-langen.html,14.07.2009
 Giovanni LA VIA,http://www.votewatch.eu/en/giovanni-la-via.html,14.07.2009
 Kurt LECHNER,http://www.votewatch.eu/en/kurt-lechner.html,14.07.2009
 Stéphane LE FOLL,http://www.votewatch.eu/en/stephane-le-foll.html,14.07.2009
 Ryszard Antoni LEGUTKO,http://www.votewatch.eu/en/ryszard-antoni-legutko.html,14.07.2009
 Klaus-Heiner LEHNE,http://www.votewatch.eu/en/klaus-heiner-lehne.html,14.07.2009
 Patrick LE HYARIC,http://www.votewatch.eu/en/patrick-le-hyaric.html,14.07.2009
 Jörg LEICHTFRIED,http://www.votewatch.eu/en/jorg-leichtfried.html,14.07.2009
 Jo LEINEN,http://www.votewatch.eu/en/jo-leinen.html,14.07.2009
 Corinne LEPAGE,http://www.votewatch.eu/en/corinne-lepage.html,14.07.2009
 Jean-Marie LE PEN,http://www.votewatch.eu/en/jean-marie-le-pen.html,14.07.2009
 Marine LE PEN,http://www.votewatch.eu/en/marine-le-pen.html,14.07.2009
 Janusz LEWANDOWSKI,http://www.votewatch.eu/en/janusz-lewandowski.html,14.07.2009
 Bogusław LIBERADZKI,http://www.votewatch.eu/en/boguslaw-liberadzki.html,14.07.2009
 Eva LICHTENBERGER,http://www.votewatch.eu/en/eva-lichtenberger.html,14.07.2009
 Peter LIESE,http://www.votewatch.eu/en/peter-liese.html,14.07.2009
 Kartika Tamara LIOTARD,http://www.votewatch.eu/en/kartika-tamara-liotard.html,14.07.2009
 Krzysztof LISEK,http://www.votewatch.eu/en/krzysztof-lisek.html,14.07.2009
 Barbara LOCHBIHLER,http://www.votewatch.eu/en/barbara-lochbihler.html,14.07.2009
 Isabella LÖVIN,http://www.votewatch.eu/en/isabella-lovin.html,14.07.2009
 Morten LØKKEGAARD,http://www.votewatch.eu/en/morten-l-kkegaard.html,14.07.2009
 Verónica LOPE FONTAGNÉ,http://www.votewatch.eu/en/veronica-lope-fontagne.html,14.07.2009
 Juan Fernando LÓPEZ AGUILAR,http://www.votewatch.eu/en/juan-fernando-lopez-aguilar.html,14.07.2009
 Antonio LÓPEZ-ISTÚRIZ WHITE,http://www.votewatch.eu/en/antonio-lopez-isturiz-white.html,14.07.2009
 Sabine LÖSING,http://www.votewatch.eu/en/sabine-losing.html,14.07.2009
 Caroline LUCAS,http://www.votewatch.eu/en/caroline-lucas.html,14.07.2009
 Baroness Sarah LUDFORD,http://www.votewatch.eu/en/baroness-sarah-ludford.html,14.07.2009
 Olle LUDVIGSSON,http://www.votewatch.eu/en/olle-ludvigsson.html,14.07.2009
 Petru Constantin LUHAN,http://www.votewatch.eu/en/petru-constantin-luhan.html,14.07.2009
 Elżbieta Katarzyna ŁUKACIJEWSKA,http://www.votewatch.eu/en/elzbieta-katarzyna-lukacijewska.html,14.07.2009
 Astrid LULLING,http://www.votewatch.eu/en/astrid-lulling.html,14.07.2009
 Ulrike LUNACEK,http://www.votewatch.eu/en/ulrike-lunacek.html,14.07.2009
 Elizabeth LYNNE,http://www.votewatch.eu/en/elizabeth-lynne.html,14.07.2009
 George LYON,http://www.votewatch.eu/en/george-lyon.html,14.07.2009
 Linda McAVAN,http://www.votewatch.eu/en/linda-mcavan.html,14.07.2009
 Arlene McCARTHY,http://www.votewatch.eu/en/arlene-mccarthy.html,14.07.2009
 Emma McCLARKIN,http://www.votewatch.eu/en/emma-mcclarkin.html,14.07.2009
 Mairead McGUINNESS,http://www.votewatch.eu/en/mairead-mcguinness.html,14.07.2009
 Edward McMILLAN-SCOTT,http://www.votewatch.eu/en/edward-mcmillan-scott.html,14.07.2009
 Monica Luisa MACOVEI,http://www.votewatch.eu/en/monica-luisa-macovei.html,14.07.2009
 Barry MADLENER,http://www.votewatch.eu/en/barry-madlener.html,14.07.2009
 Toine MANDERS,http://www.votewatch.eu/en/toine-manders.html,14.07.2009
 Ramona Nicole MĂNESCU,http://www.votewatch.eu/en/ramona-nicole-manescu.html,14.07.2009
 Vladimír MAŇKA,http://www.votewatch.eu/en/vladimir-manka.html,14.07.2009
 Thomas MANN,http://www.votewatch.eu/en/thomas-mann.html,14.07.2009
 Riikka PAKARINEN,http://www.votewatch.eu/en/riikka-pakarinen.html,14.07.2009
 Bogdan Kazimierz MARCINKIEWICZ,http://www.votewatch.eu/en/bogdan-kazimierz-marcinkiewicz.html,14.07.2009
 Marian-Jean MARINESCU,http://www.votewatch.eu/en/marian-jean-marinescu.html,14.07.2009
 David MARTIN,http://www.votewatch.eu/en/david-martin.html,14.07.2009
 Hans-Peter MARTIN,http://www.votewatch.eu/en/hans-peter-martin.html,14.07.2009
 Miguel Angel MARTÍNEZ MARTÍNEZ,http://www.votewatch.eu/en/miguel-angel-martinez-martinez.html,14.07.2009
 Antonio MASIP HIDALGO,http://www.votewatch.eu/en/antonio-masip-hidalgo.html,14.07.2009
 Jiří MAŠTÁLKA,http://www.votewatch.eu/en/jiri-mastalka.html,14.07.2009
 Clemente MASTELLA,http://www.votewatch.eu/en/clemente-mastella.html,14.07.2009
 Barbara MATERA,http://www.votewatch.eu/en/barbara-matera.html,14.07.2009
 Véronique MATHIEU HOUILLON,http://www.votewatch.eu/en/veronique-mathieu-houillon.html,14.07.2009
 Marisa MATIAS,http://www.votewatch.eu/en/marisa-matias.html,14.07.2009
 Gabriel MATO ADROVER,http://www.votewatch.eu/en/gabriel-mato-adrover.html,14.07.2009
 Iosif MATULA,http://www.votewatch.eu/en/iosif-matula.html,14.07.2009
 Mario MAURO,http://www.votewatch.eu/en/mario-mauro.html,14.07.2009
 Kyriakos MAVRONIKOLAS,http://www.votewatch.eu/en/kyriakos-mavronikolas.html,14.07.2009
 Hans-Peter MAYER,http://www.votewatch.eu/en/hans-peter-mayer.html,14.07.2009
 Jaime MAYOR OREJA,http://www.votewatch.eu/en/jaime-mayor-oreja.html,14.07.2009
 Erminia MAZZONI,http://www.votewatch.eu/en/erminia-mazzoni.html,14.07.2009
 Gesine MEISSNER,http://www.votewatch.eu/en/gesine-meissner.html,14.07.2009
 Jean-Luc MÉLENCHON,http://www.votewatch.eu/en/jean-luc-melenchon.html,14.07.2009
 Nuno MELO,http://www.votewatch.eu/en/nuno-melo.html,14.07.2009
 Íñigo MÉNDEZ DE VIGO,http://www.votewatch.eu/en/inigo-mendez-de-vigo.html,14.07.2009
 Emilio MENÉNDEZ del VALLE,http://www.votewatch.eu/en/emilio-menendez-del-valle.html,14.07.2009
 Judith A. MERKIES,http://www.votewatch.eu/en/judith-a-merkies.html,14.07.2009
 Morten MESSERSCHMIDT,http://www.votewatch.eu/en/morten-messerschmidt.html,14.07.2009
 Alajos MÉSZÁROS,http://www.votewatch.eu/en/alajos-meszaros.html,14.07.2009
 Willy MEYER,http://www.votewatch.eu/en/willy-meyer.html,14.07.2009
 Louis MICHEL,http://www.votewatch.eu/en/louis-michel.html,14.07.2009
 Marek Henryk MIGALSKI,http://www.votewatch.eu/en/marek-henryk-migalski.html,14.07.2009
 Nadezhda NEYNSKY,http://www.votewatch.eu/en/nadezhda-neynsky.html,14.07.2009
 Miroslav MIKOLÁŠIK,http://www.votewatch.eu/en/miroslav-mikolasik.html,14.07.2009
 Guido MILANA,http://www.votewatch.eu/en/guido-milana.html,14.07.2009
 Francisco José MILLÁN MON,http://www.votewatch.eu/en/francisco-jose-millan-mon.html,14.07.2009
 Alexander MIRSKY,http://www.votewatch.eu/en/alexander-mirsky.html,14.07.2009
 Gay MITCHELL,http://www.votewatch.eu/en/gay-mitchell.html,14.07.2009
 Andreas MÖLZER,http://www.votewatch.eu/en/andreas-molzer.html,14.07.2009
 Claude MORAES,http://www.votewatch.eu/en/claude-moraes.html,14.07.2009
 Vital MOREIRA,http://www.votewatch.eu/en/vital-moreira.html,14.07.2009
 Claudio MORGANTI,http://www.votewatch.eu/en/claudio-morganti.html,14.07.2009
 Elisabeth MORIN-CHARTIER,http://www.votewatch.eu/en/elisabeth-morin-chartier.html,14.07.2009
 Radvilė MORKŪNAITĖ-MIKULĖNIENĖ,http://www.votewatch.eu/en/radvile-morkunaite-mikuleniene.html,14.07.2009
 Krisztina MORVAI,http://www.votewatch.eu/en/krisztina-morvai.html,14.07.2009
 Tiziano MOTTI,http://www.votewatch.eu/en/tiziano-motti.html,14.07.2009
 María MUÑIZ DE URQUIZA,http://www.votewatch.eu/en/maria-muniz-de-urquiza.html,14.07.2009
 Cristiana MUSCARDINI,http://www.votewatch.eu/en/cristiana-muscardini.html,14.07.2009
 Mike NATTRASS,http://www.votewatch.eu/en/mike-nattrass.html,14.07.2009
 Mariya GABRIEL,http://www.votewatch.eu/en/mariya-gabriel.html,14.07.2009
 Norbert NEUSER,http://www.votewatch.eu/en/norbert-neuser.html,14.07.2009
 Katarína NEVEĎALOVÁ,http://www.votewatch.eu/en/katarina-nevedalova.html,14.07.2009
 Bill NEWTON DUNN,http://www.votewatch.eu/en/bill-newton-dunn.html,14.07.2009
 Annemie NEYTS-UYTTEBROECK,http://www.votewatch.eu/en/annemie-neyts-uyttebroeck.html,14.07.2009
 James NICHOLSON,http://www.votewatch.eu/en/james-nicholson.html,14.07.2009
 Norica NICOLAI,http://www.votewatch.eu/en/norica-nicolai.html,14.07.2009
 Rareş-Lucian NICULESCU,http://www.votewatch.eu/en/rares-lucian-niculescu.html,14.07.2009
 Angelika NIEBLER,http://www.votewatch.eu/en/angelika-niebler.html,14.07.2009
 Lambert van NISTELROOIJ,http://www.votewatch.eu/en/lambert-van-nistelrooij.html,14.07.2009
 Sławomir NITRAS,http://www.votewatch.eu/en/slawomir-nitras.html,14.07.2009
 Paul NUTTALL,http://www.votewatch.eu/en/paul-nuttall.html,14.07.2009
 Franz OBERMAYR,http://www.votewatch.eu/en/franz-obermayr.html,14.07.2009
 Raimon OBIOLS,http://www.votewatch.eu/en/raimon-obiols.html,14.07.2009
 Kristiina OJULAND,http://www.votewatch.eu/en/kristiina-ojuland.html,14.07.2009
 Jan OLBRYCHT,http://www.votewatch.eu/en/jan-olbrycht.html,14.07.2009
 Wojciech Michał OLEJNICZAK,http://www.votewatch.eu/en/wojciech-michal-olejniczak.html,14.07.2009
 Ria OOMEN-RUIJTEN,http://www.votewatch.eu/en/ria-oomen-ruijten.html,14.07.2009
 Csaba ŐRY,http://www.votewatch.eu/en/csaba-ory.html,14.07.2009
 Miroslav OUZKÝ,http://www.votewatch.eu/en/miroslav-ouzky.html,14.07.2009
 Siiri OVIIR,http://www.votewatch.eu/en/siiri-oviir.html,14.07.2009
 Doris PACK,http://www.votewatch.eu/en/doris-pack.html,14.07.2009
 Ivari PADAR,http://www.votewatch.eu/en/ivari-padar.html,14.07.2009
 Athanasios PAFILIS,http://www.votewatch.eu/en/athanasios-pafilis.html,14.07.2009
 Rolandas PAKSAS,http://www.votewatch.eu/en/rolandas-paksas.html,14.07.2009
 Justas Vincas PALECKIS,http://www.votewatch.eu/en/justas-vincas-paleckis.html,14.07.2009
 Chrysoula PALIADELI,http://www.votewatch.eu/en/chrysoula-paliadeli.html,14.07.2009
 Alfredo PALLONE,http://www.votewatch.eu/en/alfredo-pallone.html,14.07.2009
 Vladko Todorov PANAYOTOV,http://www.votewatch.eu/en/vladko-todorov-panayotov.html,14.07.2009
 Pier Antonio PANZERI,http://www.votewatch.eu/en/pier-antonio-panzeri.html,14.07.2009
 Antigoni PAPADOPOULOU,http://www.votewatch.eu/en/antigoni-papadopoulou.html,14.07.2009
 Giorgos PAPAKONSTANTINOU,http://www.votewatch.eu/en/giorgos-papakonstantinou.html,14.07.2009
 Georgios PAPANIKOLAOU,http://www.votewatch.eu/en/georgios-papanikolaou.html,14.07.2009
 Georgios PAPASTAMKOS,http://www.votewatch.eu/en/georgios-papastamkos.html,14.07.2009
 Gilles PARGNEAUX,http://www.votewatch.eu/en/gilles-pargneaux.html,14.07.2009
 Antonyia PARVANOVA,http://www.votewatch.eu/en/antonyia-parvanova.html,14.07.2009
 Ioan Mircea PAŞCU,http://www.votewatch.eu/en/ioan-mircea-pascu.html,14.07.2009
 Jaroslav PAŠKA,http://www.votewatch.eu/en/jaroslav-paska.html,14.07.2009
 Maria do Céu PATRÃO NEVES,http://www.votewatch.eu/en/maria-do-ceu-patrao-neves.html,14.07.2009
 Aldo PATRICIELLO,http://www.votewatch.eu/en/aldo-patriciello.html,14.07.2009
 Marit PAULSEN,http://www.votewatch.eu/en/marit-paulsen.html,14.07.2009
 Vincent PEILLON,http://www.votewatch.eu/en/vincent-peillon.html,14.07.2009
 Andrés PERELLÓ RODRÍGUEZ,http://www.votewatch.eu/en/andres-perello-rodriguez.html,14.07.2009
 Alojz PETERLE,http://www.votewatch.eu/en/alojz-peterle.html,14.07.2009
 Markus PIEPER,http://www.votewatch.eu/en/markus-pieper.html,14.07.2009
 Sirpa PIETIKÄINEN,http://www.votewatch.eu/en/sirpa-pietikainen.html,14.07.2009
 Mirosław PIOTROWSKI,http://www.votewatch.eu/en/miroslaw-piotrowski.html,14.07.2009
 Mario PIRILLO,http://www.votewatch.eu/en/mario-pirillo.html,14.07.2009
 Gianni PITTELLA,http://www.votewatch.eu/en/gianni-pittella.html,14.07.2009
 Athanasios PLEVRIS,http://www.votewatch.eu/en/athanasios-plevris.html,14.07.2009
 Rovana PLUMB,http://www.votewatch.eu/en/rovana-plumb.html,14.07.2009
 Pavel POC,http://www.votewatch.eu/en/pavel-poc.html,14.07.2009
 Anni PODIMATA,http://www.votewatch.eu/en/anni-podimata.html,14.07.2009
 Maurice PONGA,http://www.votewatch.eu/en/maurice-ponga.html,14.07.2009
 Tomasz Piotr PORĘBA,http://www.votewatch.eu/en/tomasz-piotr-poreba.html,14.07.2009
 Miguel PORTAS,http://www.votewatch.eu/en/miguel-portas.html,14.07.2009
 Bernd POSSELT,http://www.votewatch.eu/en/bernd-posselt.html,14.07.2009
 Hans-Gert PÖTTERING,http://www.votewatch.eu/en/hans-gert-pottering.html,14.07.2009
 Konstantinos POUPAKIS,http://www.votewatch.eu/en/konstantinos-poupakis.html,14.07.2009
 Cristian Dan PREDA,http://www.votewatch.eu/en/cristian-dan-preda.html,14.07.2009
 Vittorio PRODI,http://www.votewatch.eu/en/vittorio-prodi.html,14.07.2009
 Jacek PROTASIEWICZ,http://www.votewatch.eu/en/jacek-protasiewicz.html,14.07.2009
 Fiorello PROVERA,http://www.votewatch.eu/en/fiorello-provera.html,14.07.2009
 Godelieve QUISTHOUDT-ROWOHL,http://www.votewatch.eu/en/godelieve-quisthoudt-rowohl.html,14.07.2009
 Paulo RANGEL,http://www.votewatch.eu/en/paulo-rangel.html,14.07.2009
 Hella RANNER,http://www.votewatch.eu/en/hella-ranner.html,14.07.2009
 Miloslav RANSDORF,http://www.votewatch.eu/en/miloslav-ransdorf.html,14.07.2009
 Bernhard RAPKAY,http://www.votewatch.eu/en/bernhard-rapkay.html,14.07.2009
 Sylvana RAPTI,http://www.votewatch.eu/en/sylvana-rapti.html,14.07.2009
 Evelyn REGNER,http://www.votewatch.eu/en/evelyn-regner.html,14.07.2009
 Britta REIMERS,http://www.votewatch.eu/en/britta-reimers.html,14.07.2009
 Vladimír REMEK,http://www.votewatch.eu/en/vladimir-remek.html,14.07.2009
 Mitro REPO,http://www.votewatch.eu/en/mitro-repo.html,14.07.2009
 Herbert REUL,http://www.votewatch.eu/en/herbert-reul.html,14.07.2009
 Teresa RIERA MADURELL,http://www.votewatch.eu/en/teresa-riera-madurell.html,14.07.2009
 Frédérique RIES,http://www.votewatch.eu/en/frederique-ries.html,14.07.2009
 Niccolò RINALDI,http://www.votewatch.eu/en/niccolo-rinaldi.html,14.07.2009
 Dominique RIQUET,http://www.votewatch.eu/en/dominique-riquet.html,14.07.2009
 Michèle RIVASI,http://www.votewatch.eu/en/michele-rivasi.html,14.07.2009
 Crescenzio RIVELLINI,http://www.votewatch.eu/en/crescenzio-rivellini.html,14.07.2009
 Robert ROCHEFORT,http://www.votewatch.eu/en/robert-rochefort.html,14.07.2009
 Ulrike RODUST,http://www.votewatch.eu/en/ulrike-rodust.html,14.07.2009
 Jens ROHDE,http://www.votewatch.eu/en/jens-rohde.html,14.07.2009
 Zuzana ROITHOVÁ,http://www.votewatch.eu/en/zuzana-roithova.html,14.07.2009
 Carmen ROMERO LÓPEZ,http://www.votewatch.eu/en/carmen-romero-lopez.html,14.07.2009
 Raül ROMEVA i RUEDA,http://www.votewatch.eu/en/raul-romeva-i-rueda.html,14.07.2009
 Licia RONZULLI,http://www.votewatch.eu/en/licia-ronzulli.html,14.07.2009
 Anna ROSBACH,http://www.votewatch.eu/en/anna-rosbach.html,14.07.2009
 Oreste ROSSI,http://www.votewatch.eu/en/oreste-rossi.html,14.07.2009
 Dagmar ROTH-BEHRENDT,http://www.votewatch.eu/en/dagmar-roth-behrendt.html,14.07.2009
 Libor ROUČEK,http://www.votewatch.eu/en/libor-roucek.html,14.07.2009
 Paul RÜBIG,http://www.votewatch.eu/en/paul-rubig.html,14.07.2009
 Alfreds RUBIKS,http://www.votewatch.eu/en/alfreds-rubiks.html,14.07.2009
 Heide RÜHLE,http://www.votewatch.eu/en/heide-ruhle.html,14.07.2009
 Tokia SAÏFI,http://www.votewatch.eu/en/tokia-saifi.html,14.07.2009
 José Ignacio SALAFRANCA SÁNCHEZ-NEYRA,http://www.votewatch.eu/en/jose-ignacio-salafranca-sanchez-neyra.html,14.07.2009
 Potito SALATTO,http://www.votewatch.eu/en/potito-salatto.html,14.07.2009
 Matteo SALVINI,http://www.votewatch.eu/en/matteo-salvini.html,14.07.2009
 Marie-Thérèse SANCHEZ-SCHMID,http://www.votewatch.eu/en/marie-therese-sanchez-schmid.html,14.07.2009
 Antolín SÁNCHEZ PRESEDO,http://www.votewatch.eu/en/antolin-sanchez-presedo.html,14.07.2009
 Daciana Octavia SÂRBU,http://www.votewatch.eu/en/daciana-octavia-sarbu.html,14.07.2009
 Judith SARGENTINI,http://www.votewatch.eu/en/judith-sargentini.html,14.07.2009
 Amalia SARTORI,http://www.votewatch.eu/en/amalia-sartori.html,14.07.2009
 Jacek SARYUSZ-WOLSKI,http://www.votewatch.eu/en/jacek-saryusz-wolski.html,14.07.2009
 David-Maria SASSOLI,http://www.votewatch.eu/en/david-maria-sassoli.html,14.07.2009
 Algirdas SAUDARGAS,http://www.votewatch.eu/en/algirdas-saudargas.html,14.07.2009
 Vilja SAVISAAR-TOOMAST,http://www.votewatch.eu/en/vilja-savisaar-toomast.html,14.07.2009
 Marietje SCHAAKE,http://www.votewatch.eu/en/marietje-schaake.html,14.07.2009
 Christel SCHALDEMOSE,http://www.votewatch.eu/en/christel-schaldemose.html,14.07.2009
 Carl SCHLYTER,http://www.votewatch.eu/en/carl-schlyter.html,14.07.2009
 Olle SCHMIDT,http://www.votewatch.eu/en/olle-schmidt.html,14.07.2009
 Pál SCHMITT,http://www.votewatch.eu/en/pal-schmitt.html,14.07.2009
 Horst SCHNELLHARDT,http://www.votewatch.eu/en/horst-schnellhardt.html,14.07.2009
 Birgit SCHNIEBER-JASTRAM,http://www.votewatch.eu/en/birgit-schnieber-jastram.html,14.07.2009
 Helmut SCHOLZ,http://www.votewatch.eu/en/helmut-scholz.html,14.07.2009
 György SCHÖPFLIN,http://www.votewatch.eu/en/gyorgy-schopflin.html,14.07.2009
 Elisabeth SCHROEDTER,http://www.votewatch.eu/en/elisabeth-schroedter.html,14.07.2009
 Martin SCHULZ,http://www.votewatch.eu/en/martin-schulz.html,14.07.2009
 Werner SCHULZ,http://www.votewatch.eu/en/werner-schulz.html,14.07.2009
 Andreas SCHWAB,http://www.votewatch.eu/en/andreas-schwab.html,14.07.2009
 Edward SCICLUNA,http://www.votewatch.eu/en/edward-scicluna.html,14.07.2009
 Giancarlo SCOTTÀ,http://www.votewatch.eu/en/giancarlo-scotta.html,14.07.2009
 Marco SCURRIA,http://www.votewatch.eu/en/marco-scurria.html,14.07.2009
 Richard SEEBER,http://www.votewatch.eu/en/richard-seeber.html,14.07.2009
 Olga SEHNALOVÁ,http://www.votewatch.eu/en/olga-sehnalova.html,14.07.2009
 Joanna SENYSZYN,http://www.votewatch.eu/en/joanna-senyszyn.html,14.07.2009
 Debora SERRACCHIANI,http://www.votewatch.eu/en/debora-serracchiani.html,14.07.2009
 Adrian SEVERIN,http://www.votewatch.eu/en/adrian-severin.html,14.07.2009
 Czesław Adam SIEKIERSKI,http://www.votewatch.eu/en/czeslaw-adam-siekierski.html,14.07.2009
 Sergio Paolo Francesco SILVESTRIS,http://www.votewatch.eu/en/sergio-paolo-francesco-silvestris.html,14.07.2009
 Peter SIMON,http://www.votewatch.eu/en/peter-simon.html,14.07.2009
 Brian SIMPSON,http://www.votewatch.eu/en/brian-simpson.html,14.07.2009
 Nicole SINCLAIRE,http://www.votewatch.eu/en/nicole-sinclaire.html,14.07.2009
 Birgit SIPPEL,http://www.votewatch.eu/en/birgit-sippel.html,14.07.2009
 Marek SIWIEC,http://www.votewatch.eu/en/marek-siwiec.html,14.07.2009
 Peter SKINNER,http://www.votewatch.eu/en/peter-skinner.html,14.07.2009
 Joanna Katarzyna SKRZYDLEWSKA,http://www.votewatch.eu/en/joanna-katarzyna-skrzydlewska.html,14.07.2009
 Theodoros SKYLAKAKIS,http://www.votewatch.eu/en/theodoros-skylakakis.html,14.07.2009
 Alyn SMITH,http://www.votewatch.eu/en/alyn-smith.html,14.07.2009
 Monika SMOLKOVÁ,http://www.votewatch.eu/en/monika-smolkova.html,14.07.2009
 Csaba SÓGOR,http://www.votewatch.eu/en/csaba-sogor.html,14.07.2009
 Timo SOINI,http://www.votewatch.eu/en/timo-soini.html,14.07.2009
 Renate SOMMER,http://www.votewatch.eu/en/renate-sommer.html,14.07.2009
 Søren Bo SØNDERGAARD,http://www.votewatch.eu/en/s-ren-bo-s-ndergaard.html,14.07.2009
 Bogusław SONIK,http://www.votewatch.eu/en/boguslaw-sonik.html,14.07.2009
 Francisco SOSA WAGNER,http://www.votewatch.eu/en/francisco-sosa-wagner.html,14.07.2009
 Catherine SOULLIE,http://www.votewatch.eu/en/catherine-soullie.html,14.07.2009
 Francesco Enrico SPERONI,http://www.votewatch.eu/en/francesco-enrico-speroni.html,14.07.2009
 Bart STAES,http://www.votewatch.eu/en/bart-staes.html,14.07.2009
 Laurence J.A.J. STASSEN,http://www.votewatch.eu/en/laurence-j-a-j-stassen.html,14.07.2009
 Peter ŠŤASTNÝ,http://www.votewatch.eu/en/peter-stastny.html,14.07.2009
 Georgios STAVRAKAKIS,http://www.votewatch.eu/en/georgios-stavrakakis.html,14.07.2009
 Jutta STEINRUCK,http://www.votewatch.eu/en/jutta-steinruck.html,14.07.2009
 Dirk STERCKX,http://www.votewatch.eu/en/dirk-sterckx.html,14.07.2009
 Struan STEVENSON,http://www.votewatch.eu/en/struan-stevenson.html,14.07.2009
 Catherine STIHLER,http://www.votewatch.eu/en/catherine-stihler.html,14.07.2009
 Daniël van der STOEP,http://www.votewatch.eu/en/daniel-van-der-stoep.html,14.07.2009
 Theodor Dumitru STOLOJAN,http://www.votewatch.eu/en/theodor-dumitru-stolojan.html,14.07.2009
 Dimitar STOYANOV,http://www.votewatch.eu/en/dimitar-stoyanov.html,14.07.2009
 Emil STOYANOV,http://www.votewatch.eu/en/emil-stoyanov.html,14.07.2009
 Ernst STRASSER,http://www.votewatch.eu/en/ernst-strasser.html,14.07.2009
 Ivo STREJČEK,http://www.votewatch.eu/en/ivo-strejcek.html,14.07.2009
 Michèle STRIFFLER,http://www.votewatch.eu/en/michele-striffler.html,14.07.2009
 Robert STURDY,http://www.votewatch.eu/en/robert-sturdy.html,14.07.2009
 László SURJÁN,http://www.votewatch.eu/en/laszlo-surjan.html,14.07.2009
 Gianluca SUSTA,http://www.votewatch.eu/en/gianluca-susta.html,14.07.2009
 Alf SVENSSON,http://www.votewatch.eu/en/alf-svensson.html,14.07.2009
 Eva-Britt SVENSSON,http://www.votewatch.eu/en/eva-britt-svensson.html,14.07.2009
 Kay SWINBURNE,http://www.votewatch.eu/en/kay-swinburne.html,14.07.2009
 Hannes SWOBODA,http://www.votewatch.eu/en/hannes-swoboda.html,14.07.2009
 József SZÁJER,http://www.votewatch.eu/en/jozsef-szajer.html,14.07.2009
 Csanád SZEGEDI,http://www.votewatch.eu/en/csanad-szegedi.html,14.07.2009
 Konrad SZYMAŃSKI,http://www.votewatch.eu/en/konrad-szymanski.html,14.07.2009
 Csaba Sándor TABAJDI,http://www.votewatch.eu/en/csaba-sandor-tabajdi.html,14.07.2009
 Hannu TAKKULA,http://www.votewatch.eu/en/hannu-takkula.html,14.07.2009
 Claudiu Ciprian TĂNĂSESCU,http://www.votewatch.eu/en/claudiu-ciprian-tanasescu.html,14.07.2009
 Charles TANNOCK,http://www.votewatch.eu/en/charles-tannock.html,14.07.2009
 Marc TARABELLA,http://www.votewatch.eu/en/marc-tarabella.html,16.07.2009
 Indrek TARAND,http://www.votewatch.eu/en/indrek-tarand.html,14.07.2009
 Salvatore TATARELLA,http://www.votewatch.eu/en/salvatore-tatarella.html,14.07.2009
 Rui TAVARES,http://www.votewatch.eu/en/rui-tavares.html,14.07.2009
 Nuno TEIXEIRA,http://www.votewatch.eu/en/nuno-teixeira.html,14.07.2009
 Zoran THALER,http://www.votewatch.eu/en/zoran-thaler.html,14.07.2009
 Alexandra THEIN,http://www.votewatch.eu/en/alexandra-thein.html,14.07.2009
 Eleni THEOCHAROUS,http://www.votewatch.eu/en/eleni-theocharous.html,14.07.2009
 Michael THEURER,http://www.votewatch.eu/en/michael-theurer.html,14.07.2009
 Britta THOMSEN,http://www.votewatch.eu/en/britta-thomsen.html,14.07.2009
 Róża Gräfin von THUN UND HOHENSTEIN,http://www.votewatch.eu/en/roza-grafin-von-thun-und-hohenstein.html,14.07.2009
 Marianne THYSSEN,http://www.votewatch.eu/en/marianne-thyssen.html,14.07.2009
 Silvia-Adriana ŢICĂU,http://www.votewatch.eu/en/silvia-adriana-ticau.html,14.07.2009
 Patrice TIROLIEN,http://www.votewatch.eu/en/patrice-tirolien.html,14.07.2009
 Patrizia TOIA,http://www.votewatch.eu/en/patrizia-toia.html,14.07.2009
 László TŐKÉS,http://www.votewatch.eu/en/laszlo-tokes.html,14.07.2009
 Valdemar TOMAŠEVSKI,http://www.votewatch.eu/en/valdemar-tomasevski.html,14.07.2009
 Evžen TOŠENOVSKÝ,http://www.votewatch.eu/en/evzen-tosenovsky.html,14.07.2009
 Georgios TOUSSAS,http://www.votewatch.eu/en/georgios-toussas.html,14.07.2009
 Catherine TRAUTMANN,http://www.votewatch.eu/en/catherine-trautmann.html,14.07.2009
 Michail TREMOPOULOS,http://www.votewatch.eu/en/michail-tremopoulos.html,14.07.2009
 Ramon TREMOSA i BALCELLS,http://www.votewatch.eu/en/ramon-tremosa-i-balcells.html,14.07.2009
 Kyriacos TRIANTAPHYLLIDES,http://www.votewatch.eu/en/kyriacos-triantaphyllides.html,14.07.2009
 Helga TRÜPEL,http://www.votewatch.eu/en/helga-trupel.html,14.07.2009
 Rafał TRZASKOWSKI,http://www.votewatch.eu/en/rafal-trzaskowski.html,14.07.2009
 Ioannis A. TSOUKALAS,http://www.votewatch.eu/en/ioannis-a-tsoukalas.html,14.07.2009
 Claude TURMES,http://www.votewatch.eu/en/claude-turmes.html,14.07.2009
 Emilie TURUNEN,http://www.votewatch.eu/en/emilie-turunen.html,14.07.2009
 Niki TZAVELA,http://www.votewatch.eu/en/niki-tzavela.html,14.07.2009
 Giommaria UGGIAS,http://www.votewatch.eu/en/giommaria-uggias.html,14.07.2009
 Thomas ULMER,http://www.votewatch.eu/en/thomas-ulmer.html,14.07.2009
 Marita ULVSKOG,http://www.votewatch.eu/en/marita-ulvskog.html,14.07.2009
 Traian UNGUREANU,http://www.votewatch.eu/en/traian-ungureanu.html,14.07.2009
 Vladimir URUTCHEV,http://www.votewatch.eu/en/vladimir-urutchev.html,14.07.2009
 Viktor USPASKICH,http://www.votewatch.eu/en/viktor-uspaskich.html,14.07.2009
 Corneliu VADIM TUDOR,http://www.votewatch.eu/en/corneliu-vadim-tudor.html,14.07.2009
 Inese VAIDERE,http://www.votewatch.eu/en/inese-vaidere.html,14.07.2009
 Ivo VAJGL,http://www.votewatch.eu/en/ivo-vajgl.html,14.07.2009
 Adina-Ioana VĂLEAN,http://www.votewatch.eu/en/adina-ioana-valean.html,14.07.2009
 Kathleen VAN BREMPT,http://www.votewatch.eu/en/kathleen-van-brempt.html,14.07.2009
 Frank VANHECKE,http://www.votewatch.eu/en/frank-vanhecke.html,14.07.2009
 Geoffrey VAN ORDEN,http://www.votewatch.eu/en/geoffrey-van-orden.html,14.07.2009
 Gianni VATTIMO,http://www.votewatch.eu/en/gianni-vattimo.html,14.07.2009
 Derek VAUGHAN,http://www.votewatch.eu/en/derek-vaughan.html,14.07.2009
 Marie-Christine VERGIAT,http://www.votewatch.eu/en/marie-christine-vergiat.html,14.07.2009
 Bernadette VERGNAUD,http://www.votewatch.eu/en/bernadette-vergnaud.html,14.07.2009
 Sabine VERHEYEN,http://www.votewatch.eu/en/sabine-verheyen.html,14.07.2009
 Guy VERHOFSTADT,http://www.votewatch.eu/en/guy-verhofstadt.html,14.07.2009
 Alejo VIDAL-QUADRAS,http://www.votewatch.eu/en/alejo-vidal-quadras.html,14.07.2009
 Kristian VIGENIN,http://www.votewatch.eu/en/kristian-vigenin.html,14.07.2009
 Philippe de VILLIERS,http://www.votewatch.eu/en/philippe-de-villiers.html,14.07.2009
 Oldřich VLASÁK,http://www.votewatch.eu/en/oldrich-vlasak.html,14.07.2009
 Dominique VLASTO,http://www.votewatch.eu/en/dominique-vlasto.html,14.07.2009
 Axel VOSS,http://www.votewatch.eu/en/axel-voss.html,14.07.2009
 Jarosław Leszek WAŁĘSA,http://www.votewatch.eu/en/jaroslaw-leszek-walesa.html,14.07.2009
 Diana WALLIS,http://www.votewatch.eu/en/diana-wallis.html,14.07.2009
 Sir Graham WATSON,http://www.votewatch.eu/en/sir-graham-watson.html,14.07.2009
 Henri WEBER,http://www.votewatch.eu/en/henri-weber.html,14.07.2009
 Manfred WEBER,http://www.votewatch.eu/en/manfred-weber.html,14.07.2009
 Renate WEBER,http://www.votewatch.eu/en/renate-weber.html,14.07.2009
 Barbara WEILER,http://www.votewatch.eu/en/barbara-weiler.html,14.07.2009
 Anja WEISGERBER,http://www.votewatch.eu/en/anja-weisgerber.html,14.07.2009
 Angelika WERTHMANN,http://www.votewatch.eu/en/angelika-werthmann.html,14.07.2009
 Åsa WESTLUND,http://www.votewatch.eu/en/asa-westlund.html,14.07.2009
 Kerstin WESTPHAL,http://www.votewatch.eu/en/kerstin-westphal.html,14.07.2009
 Rainer WIELAND,http://www.votewatch.eu/en/rainer-wieland.html,14.07.2009
 Cecilia WIKSTRÖM,http://www.votewatch.eu/en/cecilia-wikstrom.html,14.07.2009
 Glenis WILLMOTT,http://www.votewatch.eu/en/glenis-willmott.html,14.07.2009
 Sabine WILS,http://www.votewatch.eu/en/sabine-wils.html,14.07.2009
 Iuliu WINKLER,http://www.votewatch.eu/en/iuliu-winkler.html,14.07.2009
 Hermann WINKLER,http://www.votewatch.eu/en/hermann-winkler.html,14.07.2009
 Jacek WŁOSOWICZ,http://www.votewatch.eu/en/jacek-wlosowicz.html,14.07.2009
 Janusz WOJCIECHOWSKI,http://www.votewatch.eu/en/janusz-wojciechowski.html,14.07.2009
 Corien WORTMANN-KOOL,http://www.votewatch.eu/en/corien-wortmann-kool.html,14.07.2009
 Luis YÁÑEZ-BARNUEVO GARCÍA,http://www.votewatch.eu/en/luis-yanez-barnuevo-garcia.html,14.07.2009
 Marina YANNAKOUDAKIS,http://www.votewatch.eu/en/marina-yannakoudakis.html,14.07.2009
 Anna ZÁBORSKÁ,http://www.votewatch.eu/en/anna-zaborska.html,14.07.2009
 Jan ZAHRADIL,http://www.votewatch.eu/en/jan-zahradil.html,14.07.2009
 Boris ZALA,http://www.votewatch.eu/en/boris-zala.html,14.07.2009
 Pablo ZALBA BIDEGAIN,http://www.votewatch.eu/en/pablo-zalba-bidegain.html,14.07.2009
 Paweł ZALEWSKI,http://www.votewatch.eu/en/pawel-zalewski.html,14.07.2009
 Iva ZANICCHI,http://www.votewatch.eu/en/iva-zanicchi.html,14.07.2009
 Artur ZASADA,http://www.votewatch.eu/en/artur-zasada.html,14.07.2009
 Tatjana ŽDANOKA,http://www.votewatch.eu/en/tatjana-zdanoka.html,14.07.2009
 Joachim ZELLER,http://www.votewatch.eu/en/joachim-zeller.html,14.07.2009
 Janusz Władysław ZEMKE,http://www.votewatch.eu/en/janusz-wladyslaw-zemke.html,14.07.2009
 Roberts ZĪLE,http://www.votewatch.eu/en/roberts-zile.html,14.07.2009
 Gabriele ZIMMER,http://www.votewatch.eu/en/gabriele-zimmer.html,14.07.2009
 Zbigniew ZIOBRO,http://www.votewatch.eu/en/zbigniew-ziobro.html,14.07.2009
 Milan ZVER,http://www.votewatch.eu/en/milan-zver.html,14.07.2009
 Tadeusz ZWIEFKA,http://www.votewatch.eu/en/tadeusz-zwiefka.html,14.07.2009
 Rumiana JELEVA,http://www.votewatch.eu/en/rumiana-jeleva.html,14.07.2009
 Jean-Claude MARCOURT,http://www.votewatch.eu/en/jean-claude-marcourt.html,14.07.2009
 Andrey KOVATCHEV,http://www.votewatch.eu/en/andrey-kovatchev.html,24.08.2009
 Charalampos ANGOURAKIS,http://www.votewatch.eu/en/charalampos-angourakis.html,14.10.2009
 Spyros DANELLIS,http://www.votewatch.eu/en/spyros-danellis.html,08.10.2009
 Nikolaos SALAVRAKOS,http://www.votewatch.eu/en/nikolaos-salavrakos.html,14.10.2009
 Constance LE GRIP,http://www.votewatch.eu/en/constance-le-grip.html,10.02.2010
 Jan KOZŁOWSKI,http://www.votewatch.eu/en/jan-kozlowski.html,04.03.2010
 Keith TAYLOR,http://www.votewatch.eu/en/keith-taylor.html,02.06.2010
 Ildikó GÁLL-PELCZ,http://www.votewatch.eu/en/ildiko-gall-pelcz.html,02.06.2010
 Béla KOVÁCS,http://www.votewatch.eu/en/bela-kovacs.html,31.05.2010
 Lucas HARTONG,http://www.votewatch.eu/en/lucas-hartong.html,22.06.2010
 Jan MULDER,http://www.votewatch.eu/en/jan-mulder.html,22.06.2010
 Sergio GUTIÉRREZ PRIETO,http://www.votewatch.eu/en/sergio-gutierrez-prieto.html,19.07.2010
 Zoltán BAGÓ,http://www.votewatch.eu/en/zoltan-bago.html,12.09.2010
 María IRIGOYEN PÉREZ,http://www.votewatch.eu/en/maria-irigoyen-perez.html,16.11.2010
 Philippe BOULLAND,http://www.votewatch.eu/en/philippe-boulland.html,15.12.2010
 Agnès LE BRUN,http://www.votewatch.eu/en/agnes-le-brun.html,01.01.2011
 Brice HORTEFEUX,http://www.votewatch.eu/en/brice-hortefeux.html,24.03.2011
 Heinz K. BECKER,http://www.votewatch.eu/en/heinz-k-becker.html,01.04.2011
 Hubert PIRKER,http://www.votewatch.eu/en/hubert-pirker.html,31.03.2011
 Paul MURPHY,http://www.votewatch.eu/en/paul-murphy.html,01.04.2011
 Mojca KLEVA KEKUŠ,http://www.votewatch.eu/en/mojca-kleva-kekus.html,13.04.2011
 Phil PRENDERGAST,http://www.votewatch.eu/en/phil-prendergast.html,21.04.2011
 Sampo TERHO,http://www.votewatch.eu/en/sampo-terho.html,26.04.2011
 Giuseppe GARGANI,http://www.votewatch.eu/en/giuseppe-gargani.html,06.06.2011
 Tarja CRONBERG,http://www.votewatch.eu/en/tarja-cronberg.html,22.06.2011
 Dimitrios DROUTSAS,http://www.votewatch.eu/en/dimitrios-droutsas.html,22.06.2011
 Franck PROUST,http://www.votewatch.eu/en/franck-proust.html,23.06.2011
 Andrea ZANONI,http://www.votewatch.eu/en/andrea-zanoni.html,19.07.2011
 Philippe DE BACKER,http://www.votewatch.eu/en/philippe-de-backer.html,07.09.2011
 Auke ZIJLSTRA,http://www.votewatch.eu/en/auke-zijlstra.html,13.09.2011
 Mikael GUSTAFSSON,http://www.votewatch.eu/en/mikael-gustafsson.html,22.09.2011
 Kent JOHANSSON,http://www.votewatch.eu/en/kent-johansson.html,21.10.2011
 Zofija MAZEJ KUKOVIČ,http://www.votewatch.eu/en/zofija-mazej-kukovic.html,08.12.2011
 Arkadiusz Tomasz BRATKOWSKI,http://www.votewatch.eu/en/arkadiusz-tomasz-bratkowski.html,07.12.2011
 Yves COCHET,http://www.votewatch.eu/en/yves-cochet.html,07.12.2011
 Jean ROATTA,http://www.votewatch.eu/en/jean-roatta.html,07.12.2011
 Ewald STADLER,http://www.votewatch.eu/en/ewald-stadler.html,07.12.2011
 Amelia ANDERSDOTTER,http://www.votewatch.eu/en/amelia-andersdotter.html,01.12.2011
 Joseph CUSCHIERI,http://www.votewatch.eu/en/joseph-cuschieri.html,01.12.2011
 Vicente Miguel GARCÉS RAMÓN,http://www.votewatch.eu/en/vicente-miguel-garces-ramon.html,01.12.2011
 Dolores GARCÍA-HIERRO CARABALLO,http://www.votewatch.eu/en/dolores-garcia-hierro-caraballo.html,01.12.2011
 Anthea McINTYRE,http://www.votewatch.eu/en/anthea-mcintyre.html,01.12.2011
 Svetoslav Hristov MALINOV,http://www.votewatch.eu/en/svetoslav-hristov-malinov.html,01.12.2011
 Jens NILSSON,http://www.votewatch.eu/en/jens-nilsson.html,01.12.2011
 Eva ORTIZ VILELLA,http://www.votewatch.eu/en/eva-ortiz-vilella.html,01.12.2011
 Kārlis ŠADURSKIS,http://www.votewatch.eu/en/karlis-sadurskis.html,01.12.2011
 Salvador SEDÓ i ALABART,http://www.votewatch.eu/en/salvador-sedo-i-alabart.html,01.12.2011
 Gino TREMATERRA,http://www.votewatch.eu/en/gino-trematerra.html,01.12.2011
 Josef WEIDENHOLZER,http://www.votewatch.eu/en/josef-weidenholzer.html,01.12.2011
 Ana MIRANDA,http://www.votewatch.eu/en/ana-miranda.html,14.07.2009
 Younous OMARJEE,http://www.votewatch.eu/en/younous-omarjee.html,04.01.2012
 María Auxiliadora CORREA ZAMORA,http://www.votewatch.eu/en/maria-auxiliadora-correa-zamora.html,13.01.2012
 Juan Andrés NARANJO ESCOBAR,http://www.votewatch.eu/en/juan-andres-naranjo-escobar.html,13.01.2012
 Inês Cristina ZUBER,http://www.votewatch.eu/en/ines-cristina-zuber.html,18.01.2012
 Phil BENNION,http://www.votewatch.eu/en/phil-bennion.html,06.02.2012
 Nikos CHRYSOGELOS,http://www.votewatch.eu/en/nikos-chrysogelos.html,02.02.2012
 Emer COSTELLO,http://www.votewatch.eu/en/emer-costello.html,15.02.2012
 Petri SARVAMAA,http://www.votewatch.eu/en/petri-sarvamaa.html,01.03.2012
 Rebecca TAYLOR,http://www.votewatch.eu/en/rebecca-taylor.html,08.03.2012
 Birgit COLLIN-LANGEN,http://www.votewatch.eu/en/birgit-collin-langen.html,17.03.2012
 Alda SOUSA,http://www.votewatch.eu/en/alda-sousa.html,09.05.2012
 Minodora CLIVETI,http://www.votewatch.eu/en/minodora-cliveti.html,18.05.2012
 Eric ANDRIEU,http://www.votewatch.eu/en/eric-andrieu.html,16.05.2012
 Erik BÁNKI,http://www.votewatch.eu/en/erik-banki.html,01.06.2012
 Jean-Jacob BICEP,http://www.votewatch.eu/en/jean-jacob-bicep.html,16.05.2012
 Karim ZÉRIBI,http://www.votewatch.eu/en/karim-zeribi.html,16.05.2012
 Martina ANDERSON,http://www.votewatch.eu/en/martina-anderson.html,12.06.2012
 Nora BERRA,http://www.votewatch.eu/en/nora-berra.html,16.06.2012
 Jean Louis COTTIGNY,http://www.votewatch.eu/en/jean-louis-cottigny.html,17.06.2012
 Isabelle THOMAS,http://www.votewatch.eu/en/isabelle-thomas.html,16.05.2012
 Nils TORVALDS,http://www.votewatch.eu/en/nils-torvalds.html,05.07.2012
 Vojtěch MYNÁŘ,http://www.votewatch.eu/en/vojtech-mynar.html,23.07.2012
 Sophocles SOPHOCLEOUS,http://www.votewatch.eu/en/sophocles-sophocleous.html,01.09.2012
 Patricia van der KAMMEN,http://www.votewatch.eu/en/patricia-van-der-kammen.html,03.10.2012
 Monika PANAYOTOVA,http://www.votewatch.eu/en/monika-panayotova.html,06.12.2012
 Justina VITKAUSKAITE BERNARD,http://www.votewatch.eu/en/justina-vitkauskaite-bernard.html,21.11.2012
 Francesca BARRACCIU,http://www.votewatch.eu/en/francesca-barracciu.html,14.07.2009
 Preslav BORISSOV,http://www.votewatch.eu/en/preslav-borissov.html,01.01.2013
 Dan Dumitru ZAMFIRESCU,http://www.votewatch.eu/en/dan-dumitru-zamfirescu.html,09.01.2013
 Mark DEMESMAEKER,http://www.votewatch.eu/en/mark-demesmaeker.html,01.02.2013
 Andreas PITSILLIDES,http://www.votewatch.eu/en/andreas-pitsillides.html,04.03.2013
 Susy DE MARTINI,http://www.votewatch.eu/en/susy-de-martini.html,12.04.2013
 Franco BONANINI,http://www.votewatch.eu/en/franco-bonanini.html,12.04.2013
 Fabrizio BERTOT,http://www.votewatch.eu/en/fabrizio-bertot.html,12.04.2013
 Claudette ABELA BALDACCHINO,http://www.votewatch.eu/en/claudette-abela-baldacchino.html,25.04.2013
 Franco FRIGO,http://www.votewatch.eu/en/franco-frigo.html,07.05.2013
 Roberta METSOLA,http://www.votewatch.eu/en/roberta-metsola.html,25.04.2013
 Marlene MIZZI,http://www.votewatch.eu/en/marlene-mizzi.html,25.04.2013
 Marusya LYUBCHEVA,http://www.votewatch.eu/en/marusya-lyubcheva.html,07.06.2013
 Marino BALDINI,http://www.votewatch.eu/en/marino-baldini.html,01.07.2013
 Biljana BORZAN,http://www.votewatch.eu/en/biljana-borzan.html,01.07.2013
 Zdravka BUŠIĆ,http://www.votewatch.eu/en/zdravka-busic.html,01.07.2013
 Ivana MALETIĆ,http://www.votewatch.eu/en/ivana-maletic.html,01.07.2013
 Sandra PETROVIĆ JAKOVINA,http://www.votewatch.eu/en/sandra-petrovic-jakovina.html,01.07.2013
 Tonino PICULA,http://www.votewatch.eu/en/tonino-picula.html,01.07.2013
 Andrej PLENKOVIĆ,http://www.votewatch.eu/en/andrej-plenkovic.html,01.07.2013
 Davor Ivo STIER,http://www.votewatch.eu/en/davor-ivo-stier.html,01.07.2013
 Dubravka ŠUICA,http://www.votewatch.eu/en/dubravka-suica.html,01.07.2013
 Ruža TOMAŠIĆ,http://www.votewatch.eu/en/ruza-tomasic.html,01.07.2013
 Oleg VALJALO,http://www.votewatch.eu/en/oleg-valjalo.html,01.07.2013
 Nikola VULJANIĆ,http://www.votewatch.eu/en/nikola-vuljanic.html,01.07.2013
 Eduard-Raul HELLVIG,http://www.votewatch.eu/en/eduard-raul-hellvig.html,04.09.2013
 Iñaki IRAZABALBEITIA FERNÁNDEZ,http://www.votewatch.eu/en/inaki-irazabalbeitia-fernandez.html,11.07.2013
 Martina MICHELS,http://www.votewatch.eu/en/martina-michels.html,05.09.2013
 Ovidiu Ioan SILAGHI,http://www.votewatch.eu/en/ovidiu-ioan-silaghi.html,04.09.2013
 Hiltrud BREYER,http://www.votewatch.eu/en/hiltrud-breyer.html,31.10.2013
 Gabriele STAUNER,http://www.votewatch.eu/en/gabriele-stauner.html,30.10.2013
 Věra FLASAROVÁ,http://www.votewatch.eu/en/vera-flasarova.html,13.01.2014
 Claus LARSEN-JENSEN,http://www.votewatch.eu/en/claus-larsen-jensen.html,13.12.2013
 Tadeusz ROSS,http://www.votewatch.eu/en/tadeusz-ross.html,17.12.2013
 Zbigniew ZALESKI,http://www.votewatch.eu/en/zbigniew-zaleski.html,17.12.2013
 Rina Ronja KARI,http://www.votewatch.eu/en/rina-ronja-kari.html,05.02.2014
 Giovanni BARBAGALLO,http://www.votewatch.eu/en/giovanni-barbagallo.html,11.03.2014
 Annette KOEWIUS,http://www.votewatch.eu/en/annette-koewius.html,12.03.2014
 Katrin SAKS,http://www.votewatch.eu/en/katrin-saks.html,07.04.2014
 Christine REVAULT D'ALLONNES BONNEFOY,http://www.votewatch.eu/en/christine-revault-d-allonnes-bonnefoy.html,09.04.2014
